,Batting,AB,R,H,RBI,BB,SO,PA,BA,OBP,SLG,OPS,Pit,Str,WPA,aLI,WPA+,WPA-,cWPA,acLI,RE24,PO,A,Details,Team,HR,Double,Triple,SB,GDP
0,Cedric Mullins CF,4.0,2.0,1.0,1.0,2.0,1.0,6.0,0.25,0.5,0.25,0.75,25.0,16.0,-0.031,0.63,0.03,-0.062,-0.02%,0.64,-0.2,1.0,0.0,2·SB,Baltimore Orioles,0,0,0,2,0
1,Adley Rutschman C,5.0,1.0,5.0,4.0,1.0,0.0,6.0,1.0,1.0,1.6,2.6,25.0,14.0,0.154,0.55,0.173,-0.019,0.09%,0.56,3.1,9.0,0.0,HR,Baltimore Orioles,1,0,0,0,0
2,Anthony Santander LF,6.0,0.0,2.0,0.0,0.0,2.0,6.0,0.333,0.333,0.5,0.833,25.0,17.0,-0.035,0.45,0.028,-0.063,-0.02%,0.46,-0.9,1.0,0.0,2B,Baltimore Orioles,0,0,0,0,0
3,Ryan McKenna PR-LF,0.0,0.0,0.0,0.0,0.0,0.0,0.0,,,,,,,,,,,,,,0.0,0.0,,Baltimore Orioles,0,0,0,0,0
4,Ryan Mountcastle 1B,4.0,0.0,1.0,1.0,2.0,0.0,6.0,0.25,0.5,0.5,1.0,24.0,15.0,0.026,0.63,0.074,-0.048,0.02%,0.64,0.7,9.0,1.0,2B,Baltimore Orioles,0,0,0,0,0
5,Gunnar Henderson DH,3.0,1.0,0.0,0.0,2.0,2.0,5.0,0.0,0.4,0.0,0.4,21.0,12.0,0.026,0.63,0.06,-0.034,0.02%,0.63,-0.8,,,,Baltimore Orioles,0,0,0,0,0
6,Ramón Urías 3B,4.0,1.0,2.0,2.0,0.0,0.0,5.0,0.5,0.6,1.25,1.85,15.0,9.0,0.164,0.74,0.203,-0.039,0.10%,0.75,2.4,1.0,0.0,"HR,HBP",Baltimore Orioles,1,0,0,0,0
7,Austin Hays RF,5.0,0.0,0.0,0.0,0.0,2.0,5.0,0.0,0.0,0.0,0.0,16.0,12.0,-0.093,0.53,0.0,-0.093,-0.06%,0.54,-2.4,0.0,0.0,GDP,Baltimore Orioles,0,0,0,0,1
8,Adam Frazier 2B,4.0,3.0,2.0,0.0,1.0,1.0,5.0,0.5,0.6,1.0,1.6,28.0,16.0,0.104,0.6,0.124,-0.02,0.06%,0.6,1.3,2.0,4.0,"2·2B,SB",Baltimore Orioles,0,0,0,1,0
9,Jorge Mateo SS,3.0,2.0,2.0,1.0,1.0,0.0,5.0,0.667,0.75,0.667,1.417,12.0,6.0,0.112,0.6,0.125,-0.014,0.07%,0.61,1.9,3.0,5.0,"2·SB,SH",Baltimore Orioles,0,0,0,2,0
18,Alex Verdugo RF,5.0,2.0,2.0,0.0,0.0,0.0,5.0,0.4,0.4,0.8,1.2,18.0,10.0,0.185,0.79,0.221,-0.036,0.11%,0.77,1.2,2.0,0.0,"3B,GDP",Boston Red Sox,0,0,0,0,1
19,Rafael Devers 3B,5.0,2.0,2.0,1.0,0.0,2.0,5.0,0.4,0.4,0.6,1.0,16.0,13.0,-0.04,1.18,0.066,-0.106,-0.02%,1.16,0.0,0.0,4.0,2B,Boston Red Sox,0,0,0,0,0
20,Justin Turner DH,4.0,2.0,2.0,1.0,1.0,1.0,5.0,0.5,0.6,0.5,1.1,18.0,11.0,0.063,1.09,0.101,-0.038,0.04%,1.07,1.0,,,,Boston Red Sox,0,0,0,0,0
21,Rob Refsnyder PR-DH,0.0,0.0,0.0,0.0,0.0,0.0,0.0,,,,,,,,,,,,,,,,,Boston Red Sox,0,0,0,0,0
22,Masataka Yoshida LF,4.0,1.0,2.0,1.0,0.0,0.0,5.0,0.5,0.6,0.5,1.1,18.0,12.0,0.034,1.51,0.104,-0.071,0.02%,1.48,2.5,1.0,1.0,HBP,Boston Red Sox,0,0,0,0,0
23,Adam Duvall CF,4.0,1.0,1.0,1.0,0.0,2.0,5.0,0.25,0.4,0.25,0.65,16.0,11.0,-0.141,1.95,0.078,-0.219,-0.08%,1.91,-0.1,1.0,0.0,HBP,Boston Red Sox,0,0,0,0,0
24,Triston Casas 1B,2.0,0.0,0.0,2.0,1.0,1.0,4.0,0.0,0.25,0.0,0.25,17.0,8.0,0.022,1.28,0.071,-0.049,0.01%,1.26,0.4,7.0,1.0,SF,Boston Red Sox,0,0,0,0,0
25,Christian Arroyo 2B,4.0,0.0,1.0,2.0,0.0,1.0,4.0,0.25,0.25,0.5,0.75,17.0,12.0,-0.16,1.22,0.046,-0.205,-0.09%,1.2,-0.2,5.0,3.0,"2B,GDP",Boston Red Sox,0,0,0,0,1
26,Reese McGuire C,2.0,0.0,1.0,0.0,0.0,0.0,2.0,0.5,0.5,0.5,1.0,6.0,5.0,-0.008,0.69,0.018,-0.026,-0.01%,0.68,0.1,8.0,0.0,,Boston Red Sox,0,0,0,0,0
27,Connor Wong PH-C,2.0,0.0,0.0,0.0,0.0,1.0,2.0,0.0,0.0,0.0,0.0,9.0,7.0,-0.037,0.63,0.0,-0.037,-0.02%,0.62,-0.6,1.0,0.0,,Boston Red Sox,0,0,0,0,0
28,Enrique Hernández SS,3.0,0.0,0.0,0.0,0.0,1.0,3.0,0.0,0.0,0.0,0.0,11.0,7.0,-0.04,0.53,0.0,-0.04,-0.02%,0.53,-0.7,1.0,2.0,,Boston Red Sox,0,0,0,0,0
29,Raimel Tapia PH,0.0,1.0,0.0,0.0,1.0,0.0,1.0,,1.0,,,7.0,3.0,0.05,1.0,0.05,0.0,0.03%,0.98,0.4,,,,Boston Red Sox,0,0,0,0,0
38,Christian Yelich LF,2.0,0.0,0.0,0.0,2.0,1.0,4.0,0.0,0.5,0.0,0.5,15.0,7.0,0.018,0.91,0.059,-0.041,0.01%,0.91,0.3,1.0,0.0,,Milwaukee Brewers,0,0,0,0,0
39,Jesse Winker DH,4.0,0.0,0.0,0.0,0.0,3.0,4.0,0.0,0.0,0.0,0.0,21.0,13.0,-0.121,1.11,0.0,-0.121,-0.07%,1.12,-1.5,,,,Milwaukee Brewers,0,0,0,0,0
40,Willy Adames SS,3.0,0.0,1.0,0.0,1.0,0.0,4.0,0.333,0.5,0.333,0.833,12.0,6.0,-0.013,0.83,0.033,-0.046,-0.01%,0.83,-0.4,1.0,6.0,GDP,Milwaukee Brewers,0,0,0,0,1
41,Rowdy Tellez 1B,3.0,0.0,0.0,0.0,1.0,2.0,4.0,0.0,0.25,0.0,0.25,16.0,10.0,-0.173,1.15,0.01,-0.184,-0.10%,1.15,-1.9,10.0,0.0,GDP,Milwaukee Brewers,0,0,0,0,1
42,William Contreras C,4.0,0.0,1.0,0.0,0.0,3.0,4.0,0.25,0.25,0.25,0.5,17.0,12.0,-0.057,0.69,0.01,-0.067,-0.03%,0.69,-0.6,5.0,0.0,,Milwaukee Brewers,0,0,0,0,0
43,Luis Urías 3B,4.0,0.0,0.0,0.0,0.0,0.0,4.0,0.0,0.0,0.0,0.0,15.0,11.0,-0.065,0.62,0.0,-0.065,-0.04%,0.62,-0.9,0.0,2.0,,Milwaukee Brewers,0,0,0,0,0
44,Garrett Mitchell CF,4.0,0.0,0.0,0.0,0.0,2.0,4.0,0.0,0.0,0.0,0.0,17.0,13.0,-0.04,0.38,0.0,-0.04,-0.02%,0.38,-0.8,3.0,0.0,,Milwaukee Brewers,0,0,0,0,0
45,Brian Anderson RF,2.0,0.0,1.0,0.0,1.0,1.0,3.0,0.5,0.667,0.5,1.167,11.0,4.0,0.027,0.46,0.038,-0.012,0.02%,0.46,0.4,1.0,0.0,,Milwaukee Brewers,0,0,0,0,0
46,Brice Turang 2B,3.0,0.0,1.0,0.0,0.0,0.0,3.0,0.333,0.333,0.333,0.667,9.0,6.0,0.077,1.1,0.119,-0.042,0.05%,1.1,0.5,3.0,3.0,,Milwaukee Brewers,0,0,0,0,0
53,Nico Hoerner 2B,4.0,1.0,1.0,0.0,0.0,0.0,4.0,0.25,0.25,0.25,0.5,10.0,8.0,0.039,0.6,0.069,-0.029,0.02%,0.61,0.1,1.0,4.0,,Chicago Cubs,0,0,0,0,0
54,Dansby Swanson SS,4.0,1.0,3.0,1.0,0.0,0.0,4.0,0.75,0.75,0.75,1.5,9.0,8.0,0.127,0.72,0.144,-0.016,0.08%,0.72,1.7,2.0,2.0,,Chicago Cubs,0,0,0,0,0
55,Ian Happ LF,2.0,1.0,1.0,0.0,2.0,1.0,4.0,0.5,0.75,0.5,1.25,20.0,9.0,0.03,0.42,0.039,-0.009,0.02%,0.42,0.4,1.0,0.0,,Chicago Cubs,0,0,0,0,0
56,Cody Bellinger CF,3.0,0.0,0.0,0.0,1.0,1.0,4.0,0.0,0.25,0.0,0.25,19.0,12.0,-0.059,0.67,0.003,-0.062,-0.04%,0.68,-0.7,0.0,0.0,,Chicago Cubs,0,0,0,0,0
57,Trey Mancini DH,3.0,0.0,1.0,1.0,0.0,1.0,4.0,0.333,0.5,0.333,0.833,17.0,11.0,0.099,0.68,0.116,-0.017,0.06%,0.69,0.4,,,HBP,Chicago Cubs,0,0,0,0,0
58,Yan Gomes C,4.0,0.0,0.0,1.0,0.0,0.0,4.0,0.0,0.0,0.0,0.0,12.0,8.0,-0.032,0.67,0.053,-0.084,-0.02%,0.67,-0.4,10.0,2.0,GDP,Chicago Cubs,0,0,0,0,1
59,Eric Hosmer 1B,4.0,0.0,0.0,0.0,0.0,0.0,4.0,0.0,0.0,0.0,0.0,14.0,10.0,-0.033,0.31,0.0,-0.033,-0.02%,0.31,-0.9,12.0,1.0,,Chicago Cubs,0,0,0,0,0
60,Patrick Wisdom 3B,3.0,0.0,0.0,0.0,1.0,1.0,4.0,0.0,0.25,0.0,0.25,13.0,8.0,0.027,0.35,0.039,-0.011,0.02%,0.35,-0.1,0.0,2.0,,Chicago Cubs,0,0,0,0,0
61,Miles Mastrobuoni RF,3.0,1.0,0.0,0.0,0.0,1.0,3.0,0.0,0.0,0.0,0.0,10.0,7.0,-0.046,0.64,0.0,-0.046,-0.03%,0.64,-0.8,0.0,0.0,,Chicago Cubs,0,0,0,0,0
68,Oneil Cruz SS,2.0,2.0,1.0,2.0,2.0,0.0,5.0,0.5,0.6,2.0,2.6,24.0,11.0,0.295,1.67,0.318,-0.023,0.18%,1.71,2.4,2.0,4.0,"HR,SF",Pittsburgh Pirates,1,0,0,0,0
69,Bryan Reynolds LF,4.0,0.0,1.0,1.0,1.0,1.0,5.0,0.25,0.4,0.25,0.65,20.0,12.0,0.041,1.35,0.124,-0.083,0.03%,1.39,0.6,0.0,0.0,,Pittsburgh Pirates,0,0,0,0,0
70,Andrew McCutchen DH,2.0,0.0,1.0,1.0,3.0,0.0,5.0,0.5,0.8,0.5,1.3,27.0,12.0,0.167,1.25,0.185,-0.019,0.10%,1.28,1.7,,,,Pittsburgh Pirates,0,0,0,0,0
71,Carlos Santana 1B,4.0,0.0,0.0,0.0,1.0,2.0,5.0,0.0,0.2,0.0,0.2,23.0,14.0,-0.185,1.46,0.019,-0.204,-0.11%,1.5,-2.0,4.0,1.0,,Pittsburgh Pirates,0,0,0,0,0
72,Canaan Smith-Njigba RF,5.0,0.0,1.0,0.0,0.0,3.0,5.0,0.2,0.2,0.2,0.4,26.0,18.0,-0.136,1.22,0.022,-0.158,-0.08%,1.25,-1.6,0.0,0.0,GDP,Pittsburgh Pirates,0,0,0,0,1
73,Rodolfo Castro 2B,0.0,0.0,0.0,0.0,0.0,0.0,0.0,,,,,,,,,,,,,,0.0,0.0,,Pittsburgh Pirates,0,0,0,0,0
74,Ke'Bryan Hayes 3B,4.0,0.0,0.0,0.0,0.0,2.0,4.0,0.0,0.0,0.0,0.0,19.0,13.0,-0.122,1.17,0.0,-0.122,-0.07%,1.2,-1.2,0.0,2.0,,Pittsburgh Pirates,0,0,0,0,0
75,Jack Suwinski CF-RF,4.0,0.0,0.0,0.0,0.0,2.0,4.0,0.0,0.0,0.0,0.0,15.0,10.0,-0.081,0.78,0.0,-0.081,-0.05%,0.8,-0.7,1.0,0.0,,Pittsburgh Pirates,0,0,0,0,0
76,Ji Hwan Bae 2B-CF,3.0,2.0,2.0,0.0,1.0,0.0,4.0,0.667,0.75,1.0,1.75,9.0,5.0,0.214,1.28,0.224,-0.01,0.13%,1.32,1.3,3.0,1.0,"2B,2·SB",Pittsburgh Pirates,0,0,0,2,0
77,Austin Hedges C,2.0,1.0,0.0,0.0,1.0,1.0,4.0,0.0,0.333,0.0,0.333,15.0,9.0,-0.05,1.5,0.023,-0.073,-0.03%,1.53,-0.5,16.0,1.0,SH,Pittsburgh Pirates,0,0,0,0,0
85,Jonathan India 2B,4.0,2.0,2.0,0.0,1.0,1.0,5.0,0.5,0.6,0.75,1.35,21.0,11.0,0.206,1.38,0.258,-0.051,0.12%,1.38,0.8,2.0,1.0,2B,Cincinnati Reds,0,0,0,0,0
86,TJ Friedl CF,4.0,0.0,0.0,0.0,1.0,3.0,5.0,0.0,0.2,0.0,0.2,25.0,17.0,-0.177,1.96,0.052,-0.229,-0.11%,1.96,-0.4,1.0,0.0,,Cincinnati Reds,0,0,0,0,0
87,Jake Fraley DH,4.0,1.0,2.0,0.0,1.0,1.0,5.0,0.5,0.6,0.5,1.1,15.0,9.0,-0.025,2.11,0.165,-0.19,-0.01%,2.11,1.0,,,,Cincinnati Reds,0,0,0,0,0
88,Tyler Stephenson C,4.0,0.0,0.0,0.0,0.0,1.0,4.0,0.0,0.0,0.0,0.0,13.0,10.0,-0.168,1.62,0.022,-0.19,-0.10%,1.62,-1.7,12.0,0.0,GDP,Cincinnati Reds,0,0,0,0,1
89,Jason Vosler 1B-3B,4.0,0.0,1.0,2.0,0.0,1.0,4.0,0.25,0.25,0.75,1.0,18.0,13.0,0.151,1.56,0.254,-0.103,0.09%,1.56,0.9,4.0,0.0,3B,Cincinnati Reds,0,0,0,0,0
90,Wil Myers RF-1B,3.0,0.0,1.0,0.0,1.0,2.0,4.0,0.333,0.5,0.333,0.833,17.0,8.0,0.065,1.54,0.111,-0.047,0.04%,1.54,0.0,2.0,1.0,,Cincinnati Reds,0,0,0,0,0
91,Spencer Steer 3B,2.0,1.0,1.0,1.0,2.0,0.0,4.0,0.5,0.75,2.0,2.75,21.0,12.0,0.047,1.87,0.139,-0.092,0.03%,1.88,1.2,1.0,2.0,HR,Cincinnati Reds,1,0,0,0,0
92,Stuart Fairchild PR-LF,0.0,0.0,0.0,0.0,0.0,0.0,0.0,,,,,,,-0.072,3.35,0.0,-0.072,-0.04%,3.36,-0.2,0.0,0.0,CS,Cincinnati Reds,0,0,0,0,0
93,Will Benson LF-RF,4.0,0.0,0.0,0.0,0.0,4.0,4.0,0.0,0.0,0.0,0.0,18.0,12.0,-0.223,2.21,0.0,-0.223,-0.13%,2.22,-1.6,3.0,0.0,,Cincinnati Reds,0,0,0,0,0
94,Jose Barrero SS,4.0,0.0,0.0,0.0,0.0,2.0,4.0,0.0,0.0,0.0,0.0,17.0,12.0,-0.163,1.54,0.0,-0.163,-0.10%,1.54,-0.9,2.0,2.0,,Cincinnati Reds,0,0,0,0,0
103,Tim Anderson SS,4.0,1.0,2.0,0.0,1.0,0.0,5.0,0.5,0.6,0.75,1.35,15.0,7.0,0.005,1.43,0.143,-0.137,0.00%,1.33,-0.3,0.0,1.0,2B,Chicago White Sox,0,0,0,0,0
104,Luis Robert Jr. CF,4.0,1.0,2.0,0.0,0.0,1.0,5.0,0.5,0.5,0.5,1.0,24.0,17.0,0.105,2.15,0.2,-0.095,0.06%,2.02,0.5,3.0,0.0,,Chicago White Sox,0,0,0,0,0
105,Andrew Vaughn 1B,4.0,0.0,1.0,2.0,0.0,2.0,5.0,0.25,0.4,0.5,0.9,19.0,14.0,0.211,2.63,0.39,-0.179,0.12%,2.46,0.8,8.0,0.0,"2B,HBP",Chicago White Sox,0,0,0,0,0
106,Eloy Jiménez DH,5.0,0.0,0.0,0.0,0.0,2.0,5.0,0.0,0.0,0.0,0.0,12.0,10.0,-0.272,2.11,0.0,-0.272,-0.15%,1.98,-2.3,,,,Chicago White Sox,0,0,0,0,0
107,Yoán Moncada 3B,5.0,0.0,1.0,0.0,0.0,3.0,5.0,0.2,0.2,0.2,0.4,20.0,15.0,-0.111,1.08,0.015,-0.127,-0.06%,1.01,-0.9,0.0,3.0,,Chicago White Sox,0,0,0,0,0
108,Andrew Benintendi LF,4.0,0.0,1.0,0.0,0.0,1.0,4.0,0.25,0.25,0.25,0.5,15.0,9.0,-0.057,1.05,0.024,-0.081,-0.03%,0.99,-0.3,0.0,0.0,,Chicago White Sox,0,0,0,0,0
109,Yasmani Grandal C,4.0,1.0,1.0,1.0,0.0,0.0,4.0,0.25,0.25,1.0,1.25,13.0,8.0,0.177,1.03,0.257,-0.081,0.10%,0.97,0.3,13.0,0.0,HR,Chicago White Sox,1,0,0,0,0
110,Elvis Andrus 2B,4.0,0.0,1.0,0.0,0.0,0.0,4.0,0.25,0.25,0.25,0.5,12.0,8.0,-0.044,1.18,0.047,-0.091,-0.02%,1.1,-0.2,1.0,3.0,,Chicago White Sox,0,0,0,0,0
111,Romy Gonzalez RF,2.0,0.0,1.0,0.0,0.0,0.0,2.0,0.5,0.5,0.5,1.0,9.0,6.0,0.099,1.31,0.117,-0.018,0.06%,1.23,0.8,2.0,0.0,,Chicago White Sox,0,0,0,0,0
112,Oscar Colás PH-RF,2.0,0.0,1.0,0.0,0.0,0.0,2.0,0.5,0.5,0.5,1.0,6.0,3.0,-0.018,1.74,0.042,-0.06,-0.01%,1.63,0.0,0.0,0.0,,Chicago White Sox,0,0,0,0,0
119,Jeremy Peña SS,4.0,0.0,1.0,0.0,0.0,2.0,4.0,0.25,0.25,0.25,0.5,17.0,10.0,-0.005,0.84,0.051,-0.056,-0.00%,0.77,0.2,2.0,3.0,SB,Houston Astros,0,0,0,1,0
120,Alex Bregman 3B,4.0,0.0,0.0,0.0,0.0,2.0,4.0,0.0,0.0,0.0,0.0,13.0,12.0,-0.147,1.46,0.0,-0.147,-0.08%,1.34,-1.1,2.0,5.0,,Houston Astros,0,0,0,0,0
121,Yordan Alvarez LF,3.0,2.0,1.0,1.0,0.0,2.0,4.0,0.333,0.5,1.333,1.833,14.0,8.0,0.233,1.79,0.287,-0.053,0.13%,1.65,1.6,1.0,0.0,"HR,HBP",Houston Astros,1,0,0,0,0
122,José Abreu 1B,4.0,0.0,1.0,0.0,0.0,1.0,4.0,0.25,0.25,0.25,0.5,22.0,16.0,-0.057,1.58,0.055,-0.112,-0.03%,1.45,-0.2,11.0,0.0,,Houston Astros,0,0,0,0,0
123,Kyle Tucker RF,2.0,0.0,0.0,0.0,2.0,1.0,4.0,0.0,0.5,0.0,0.5,17.0,7.0,0.089,1.76,0.143,-0.054,0.05%,1.61,0.3,2.0,1.0,,Houston Astros,0,0,0,0,0
124,Yainer Diaz DH,4.0,0.0,0.0,0.0,0.0,2.0,4.0,0.0,0.0,0.0,0.0,21.0,17.0,-0.258,2.25,0.0,-0.258,-0.14%,2.06,-1.4,,,,Houston Astros,0,0,0,0,0
125,Jake Meyers CF,3.0,0.0,0.0,0.0,0.0,2.0,3.0,0.0,0.0,0.0,0.0,11.0,8.0,-0.076,0.9,0.0,-0.076,-0.04%,0.82,-0.8,0.0,0.0,,Houston Astros,0,0,0,0,0
126,Martín Maldonado C,3.0,0.0,1.0,0.0,0.0,1.0,3.0,0.333,0.333,0.333,0.667,10.0,8.0,0.005,1.37,0.064,-0.059,0.00%,1.26,-0.1,8.0,2.0,,Houston Astros,0,0,0,0,0
127,Mauricio Dubón 2B,3.0,0.0,0.0,0.0,0.0,0.0,3.0,0.0,0.0,0.0,0.0,16.0,12.0,-0.188,1.45,0.0,-0.188,-0.10%,1.33,-1.1,1.0,3.0,GDP,Houston Astros,0,0,0,0,1
135,Max Kepler RF,5.0,0.0,0.0,0.0,0.0,1.0,5.0,0.0,0.0,0.0,0.0,16.0,11.0,-0.145,1.35,0.0,-0.145,-0.09%,1.36,-1.7,0.0,0.0,,Minnesota Twins,0,0,0,0,0
136,Carlos Correa SS,5.0,0.0,1.0,0.0,0.0,0.0,5.0,0.2,0.2,0.2,0.4,23.0,14.0,-0.096,0.98,0.024,-0.121,-0.06%,0.98,-1.0,1.0,3.0,,Minnesota Twins,0,0,0,0,0
137,Byron Buxton DH,5.0,1.0,2.0,0.0,0.0,1.0,5.0,0.4,0.4,0.8,1.2,17.0,10.0,0.148,0.73,0.178,-0.03,0.09%,0.73,0.9,,,3B,Minnesota Twins,0,0,0,0,0
138,Trevor Larnach LF,4.0,1.0,2.0,1.0,1.0,2.0,5.0,0.5,0.6,0.5,1.1,22.0,13.0,-0.003,0.97,0.068,-0.071,-0.00%,0.98,-0.0,1.0,0.0,,Minnesota Twins,0,0,0,0,0
139,Jose Miranda 3B,3.0,0.0,0.0,0.0,2.0,0.0,5.0,0.0,0.4,0.0,0.4,19.0,10.0,-0.021,0.96,0.043,-0.064,-0.01%,0.97,-0.2,0.0,1.0,,Minnesota Twins,0,0,0,0,0
140,Nick Gordon 2B,2.0,0.0,0.0,0.0,0.0,0.0,2.0,0.0,0.0,0.0,0.0,6.0,4.0,-0.085,1.66,0.0,-0.085,-0.05%,1.66,-0.9,1.0,1.0,,Minnesota Twins,0,0,0,0,0
141,Kyle Farmer PH-2B,1.0,0.0,1.0,0.0,1.0,0.0,2.0,1.0,1.0,1.0,2.0,7.0,3.0,0.055,1.23,0.055,0.0,0.03%,1.23,0.7,0.0,1.0,,Minnesota Twins,0,0,0,0,0
142,Joey Gallo 1B,2.0,0.0,1.0,0.0,0.0,1.0,2.0,0.5,0.5,0.5,1.0,5.0,5.0,0.007,1.06,0.037,-0.03,0.00%,1.06,0.1,4.0,1.0,,Minnesota Twins,0,0,0,0,0
143,Donovan Solano PH-1B,2.0,0.0,1.0,1.0,0.0,0.0,2.0,0.5,0.5,0.5,1.0,8.0,4.0,0.059,1.98,0.107,-0.048,0.04%,1.99,0.2,4.0,0.0,,Minnesota Twins,0,0,0,0,0
144,Christian Vázquez C,4.0,0.0,2.0,0.0,0.0,1.0,4.0,0.5,0.5,0.5,1.0,18.0,12.0,-0.016,1.07,0.075,-0.091,-0.01%,1.08,-0.1,12.0,1.0,GDP,Minnesota Twins,0,0,0,0,1
145,Michael A. Taylor CF,4.0,0.0,1.0,0.0,0.0,3.0,4.0,0.25,0.25,0.25,0.5,15.0,12.0,-0.028,1.04,0.047,-0.074,-0.02%,1.05,-0.7,4.0,0.0,,Minnesota Twins,0,0,0,0,0
153,Bobby Witt SS,2.0,0.0,0.0,0.0,2.0,1.0,4.0,0.0,0.5,0.0,0.5,22.0,9.0,0.068,1.46,0.128,-0.06,0.04%,1.46,0.4,1.0,1.0,,Kansas City Royals,0,0,0,0,0
154,MJ Melendez RF,3.0,0.0,0.0,0.0,1.0,1.0,4.0,0.0,0.25,0.0,0.25,18.0,8.0,-0.262,1.8,0.042,-0.304,-0.16%,1.8,-1.9,4.0,0.0,2·GDP,Kansas City Royals,0,0,0,0,2
155,Salvador Perez C,4.0,0.0,1.0,0.0,0.0,1.0,4.0,0.25,0.25,0.25,0.5,11.0,8.0,-0.031,1.34,0.063,-0.094,-0.02%,1.34,0.0,9.0,0.0,,Kansas City Royals,0,0,0,0,0
156,Vinnie Pasquantino 1B,3.0,0.0,0.0,0.0,1.0,1.0,4.0,0.0,0.25,0.0,0.25,23.0,14.0,-0.047,1.31,0.062,-0.109,-0.03%,1.31,-0.7,5.0,0.0,,Kansas City Royals,0,0,0,0,0
157,Franmil Reyes DH,4.0,0.0,0.0,0.0,0.0,3.0,4.0,0.0,0.0,0.0,0.0,14.0,11.0,-0.144,1.54,0.0,-0.144,-0.09%,1.54,-1.0,,,,Kansas City Royals,0,0,0,0,0
158,Michael Massey 2B,4.0,0.0,0.0,0.0,0.0,2.0,4.0,0.0,0.0,0.0,0.0,11.0,9.0,-0.151,1.42,0.0,-0.151,-0.09%,1.42,-1.1,3.0,3.0,,Kansas City Royals,0,0,0,0,0
159,Hunter Dozier 3B,3.0,0.0,0.0,0.0,0.0,2.0,3.0,0.0,0.0,0.0,0.0,13.0,10.0,-0.082,1.08,0.0,-0.082,-0.05%,1.08,-0.6,0.0,1.0,,Kansas City Royals,0,0,0,0,0
160,Kyle Isbel CF,2.0,0.0,1.0,0.0,1.0,0.0,3.0,0.5,0.667,1.0,1.667,8.0,4.0,0.067,0.74,0.083,-0.017,0.04%,0.74,0.6,2.0,0.0,2B,Kansas City Royals,0,0,0,0,0
161,Edward Olivares LF,2.0,0.0,0.0,0.0,0.0,0.0,3.0,0.0,0.333,0.0,0.333,7.0,4.0,-0.043,1.56,0.022,-0.065,-0.03%,1.56,-0.2,2.0,0.0,HBP,Kansas City Royals,0,0,0,0,0
169,Kyle Lewis DH,4.0,0.0,0.0,0.0,0.0,3.0,4.0,0.0,0.0,0.0,0.0,19.0,15.0,-0.068,0.65,0.0,-0.068,-0.04%,0.66,-1.0,,,,Arizona Diamondbacks,0,0,0,0,0
170,Ketel Marte 2B,3.0,1.0,1.0,0.0,0.0,0.0,4.0,0.333,0.5,0.333,0.833,19.0,11.0,0.027,0.46,0.044,-0.017,0.02%,0.47,0.2,0.0,3.0,HBP,Arizona Diamondbacks,0,0,0,0,0
171,Lourdes Gurriel Jr. LF,4.0,0.0,1.0,0.0,0.0,1.0,4.0,0.25,0.25,0.25,0.5,10.0,7.0,-0.017,0.61,0.035,-0.052,-0.01%,0.62,-0.4,0.0,1.0,GDP,Arizona Diamondbacks,0,0,0,0,1
172,Christian Walker 1B,3.0,0.0,1.0,1.0,0.0,0.0,3.0,0.333,0.333,0.333,0.667,14.0,11.0,0.052,1.11,0.09,-0.038,0.03%,1.12,0.5,6.0,0.0,,Arizona Diamondbacks,0,0,0,0,0
173,Evan Longoria 3B,3.0,0.0,0.0,0.0,0.0,0.0,3.0,0.0,0.0,0.0,0.0,7.0,5.0,-0.104,0.91,0.0,-0.104,-0.06%,0.92,-1.3,1.0,1.0,GDP,Arizona Diamondbacks,0,0,0,0,1
174,Nick Ahmed SS,3.0,1.0,1.0,0.0,0.0,2.0,3.0,0.333,0.333,0.667,1.0,11.0,9.0,0.039,0.49,0.055,-0.016,0.02%,0.49,0.4,1.0,1.0,2B,Arizona Diamondbacks,0,0,0,0,0
175,Corbin Carroll CF,3.0,0.0,0.0,0.0,0.0,0.0,3.0,0.0,0.0,0.0,0.0,11.0,7.0,-0.052,0.86,0.0,-0.052,-0.03%,0.87,-0.7,2.0,0.0,,Arizona Diamondbacks,0,0,0,0,0
176,Gabriel Moreno C,2.0,0.0,0.0,1.0,0.0,1.0,3.0,0.0,0.0,0.0,0.0,14.0,9.0,-0.007,0.76,0.019,-0.026,-0.01%,0.77,-0.2,13.0,0.0,SF,Arizona Diamondbacks,0,0,0,0,0
177,Jake McCarthy RF,3.0,0.0,0.0,0.0,0.0,1.0,3.0,0.0,0.0,0.0,0.0,9.0,7.0,-0.026,0.33,0.0,-0.026,-0.02%,0.33,-0.3,1.0,0.0,,Arizona Diamondbacks,0,0,0,0,0
185,Mookie Betts RF,4.0,1.0,0.0,0.0,1.0,3.0,5.0,0.0,0.2,0.0,0.2,27.0,16.0,-0.059,0.74,0.032,-0.091,-0.03%,0.74,-1.4,0.0,1.0,,Los Angeles Dodgers,0,0,0,0,0
186,Freddie Freeman 1B,4.0,1.0,2.0,0.0,1.0,1.0,5.0,0.5,0.6,0.5,1.1,23.0,12.0,-0.02,0.82,0.086,-0.105,-0.01%,0.82,0.2,7.0,0.0,,Los Angeles Dodgers,0,0,0,0,0
187,Will Smith C,4.0,1.0,3.0,4.0,0.0,0.0,5.0,0.75,0.6,1.0,1.6,20.0,14.0,0.316,1.04,0.319,-0.003,0.19%,1.03,2.4,8.0,1.0,"2B,SF",Los Angeles Dodgers,0,0,0,0,0
188,Max Muncy 3B,5.0,0.0,0.0,0.0,0.0,5.0,5.0,0.0,0.0,0.0,0.0,22.0,15.0,-0.126,0.78,0.0,-0.126,-0.07%,0.77,-2.0,0.0,3.0,,Los Angeles Dodgers,0,0,0,0,0
189,J.D. Martinez DH,4.0,0.0,1.0,1.0,0.0,1.0,4.0,0.25,0.25,0.25,0.5,16.0,11.0,0.044,0.96,0.098,-0.054,0.03%,0.95,0.3,,,,Los Angeles Dodgers,0,0,0,0,0
190,David Peralta LF,4.0,0.0,2.0,1.0,0.0,0.0,4.0,0.5,0.5,0.5,1.0,9.0,6.0,0.018,0.65,0.056,-0.038,0.01%,0.65,0.3,3.0,0.0,,Los Angeles Dodgers,0,0,0,0,0
191,Miguel Vargas 2B,2.0,1.0,0.0,0.0,2.0,1.0,4.0,0.0,0.5,0.0,0.5,14.0,6.0,0.014,0.34,0.027,-0.013,0.01%,0.34,0.2,2.0,2.0,,Los Angeles Dodgers,0,0,0,0,0
192,James Outman CF,3.0,3.0,2.0,2.0,1.0,1.0,4.0,0.667,0.75,1.667,2.417,19.0,10.0,0.068,0.65,0.097,-0.029,0.04%,0.64,2.4,5.0,0.0,HR,Los Angeles Dodgers,1,0,0,0,0
193,Miguel Rojas SS,4.0,1.0,2.0,0.0,0.0,0.0,4.0,0.5,0.5,0.75,1.25,8.0,6.0,0.089,0.76,0.122,-0.033,0.05%,0.75,1.3,2.0,1.0,2B,Los Angeles Dodgers,0,0,0,0,0
200,Brandon Nimmo CF,3.0,1.0,1.0,3.0,1.0,0.0,5.0,0.333,0.4,0.667,1.067,17.0,9.0,0.257,1.42,0.295,-0.039,0.15%,1.37,1.4,2.0,0.0,"2B,SF",New York Mets,0,0,0,0,0
201,Starling Marte RF,4.0,1.0,2.0,0.0,1.0,0.0,5.0,0.5,0.6,0.5,1.1,26.0,15.0,0.109,0.83,0.149,-0.04,0.06%,0.81,1.0,2.0,0.0,SB,New York Mets,0,0,0,1,0
202,Francisco Lindor SS,4.0,0.0,1.0,1.0,0.0,1.0,5.0,0.25,0.2,0.25,0.45,16.0,11.0,-0.046,0.94,0.024,-0.07,-0.03%,0.91,-0.6,2.0,6.0,SF,New York Mets,0,0,0,0,0
203,Pete Alonso 1B,4.0,0.0,0.0,0.0,1.0,1.0,5.0,0.0,0.2,0.0,0.2,23.0,12.0,-0.08,0.88,0.008,-0.088,-0.05%,0.85,-1.2,6.0,0.0,,New York Mets,0,0,0,0,0
204,Jeff McNeil 2B,4.0,0.0,2.0,1.0,0.0,0.0,4.0,0.5,0.5,0.5,1.0,9.0,7.0,0.054,0.93,0.106,-0.052,0.03%,0.9,0.9,2.0,1.0,,New York Mets,0,0,0,0,0
205,Mark Canha LF,3.0,0.0,0.0,0.0,0.0,0.0,4.0,0.0,0.25,0.0,0.25,11.0,9.0,-0.043,0.74,0.019,-0.061,-0.03%,0.71,-0.5,0.0,0.0,HBP,New York Mets,0,0,0,0,0
206,Daniel Vogelbach DH,1.0,1.0,0.0,0.0,1.0,0.0,2.0,0.0,0.5,0.0,0.5,11.0,4.0,0.022,0.84,0.04,-0.018,0.01%,0.82,0.2,,,,New York Mets,0,0,0,0,0
207,Tommy Pham PH-DH-DH,2.0,0.0,0.0,0.0,0.0,1.0,2.0,0.0,0.0,0.0,0.0,6.0,4.0,-0.064,1.29,0.0,-0.064,-0.04%,1.25,-0.7,,,,New York Mets,0,0,0,0,0
208,Eduardo Escobar 3B,4.0,1.0,1.0,0.0,0.0,2.0,4.0,0.25,0.25,0.25,0.5,22.0,15.0,-0.041,1.09,0.042,-0.083,-0.02%,1.05,-0.8,1.0,0.0,,New York Mets,0,0,0,0,0
209,Omar Narváez C,3.0,1.0,1.0,0.0,1.0,0.0,4.0,0.333,0.5,0.333,0.833,16.0,9.0,0.096,1.17,0.129,-0.033,0.06%,1.13,0.6,12.0,0.0,,New York Mets,0,0,0,0,0
216,Luis Arraez 2B,4.0,1.0,2.0,1.0,0.0,1.0,4.0,0.5,0.5,0.75,1.25,12.0,8.0,0.08,1.18,0.14,-0.06,0.05%,1.12,1.0,0.0,5.0,2B,Miami Marlins,0,0,0,0,0
217,Jean Segura 3B,3.0,0.0,0.0,0.0,1.0,1.0,4.0,0.0,0.25,0.0,0.25,19.0,12.0,-0.11,1.2,0.034,-0.144,-0.06%,1.15,-1.0,0.0,5.0,GDP,Miami Marlins,0,0,0,0,1
218,Garrett Cooper 1B,4.0,1.0,1.0,2.0,0.0,2.0,4.0,0.25,0.25,1.0,1.25,21.0,17.0,0.157,1.37,0.285,-0.128,0.09%,1.31,0.9,15.0,2.0,"HR,GDP",Miami Marlins,1,0,0,0,1
219,Jazz Chisholm Jr. CF,4.0,0.0,0.0,0.0,0.0,2.0,4.0,0.0,0.0,0.0,0.0,17.0,11.0,-0.107,1.04,0.0,-0.107,-0.06%,1.0,-0.8,2.0,0.0,,Miami Marlins,0,0,0,0,0
220,Jorge Soler DH,4.0,0.0,1.0,0.0,0.0,1.0,4.0,0.25,0.25,0.5,0.75,17.0,10.0,0.043,0.94,0.1,-0.057,0.03%,0.9,0.2,,,2B,Miami Marlins,0,0,0,0,0
221,Avisaíl García RF,2.0,0.0,0.0,0.0,1.0,0.0,3.0,0.0,0.333,0.0,0.333,11.0,7.0,-0.064,1.13,0.019,-0.083,-0.04%,1.08,-0.4,2.0,0.0,,Miami Marlins,0,0,0,0,0
222,Bryan De La Cruz LF,3.0,0.0,0.0,0.0,0.0,2.0,3.0,0.0,0.0,0.0,0.0,15.0,9.0,-0.123,1.49,0.0,-0.123,-0.07%,1.42,-0.8,1.0,1.0,,Miami Marlins,0,0,0,0,0
223,Jacob Stallings C,3.0,1.0,1.0,0.0,0.0,2.0,3.0,0.333,0.333,0.667,1.0,18.0,11.0,-0.002,1.2,0.068,-0.071,-0.00%,1.15,0.1,5.0,1.0,2B,Miami Marlins,0,0,0,0,0
224,Joey Wendle SS,2.0,0.0,0.0,0.0,0.0,0.0,2.0,0.0,0.0,0.0,0.0,4.0,3.0,-0.064,1.07,0.0,-0.064,-0.04%,1.03,-0.6,0.0,2.0,,Miami Marlins,0,0,0,0,0
225,Jon Berti PH-SS,1.0,0.0,0.0,0.0,0.0,1.0,1.0,0.0,0.0,0.0,0.0,3.0,3.0,-0.045,1.74,0.0,-0.045,-0.03%,1.66,-0.2,0.0,0.0,,Miami Marlins,0,0,0,0,0
233,LaMonte Wade Jr. 1B-LF,3.0,0.0,0.0,0.0,1.0,0.0,4.0,0.0,0.25,0.0,0.25,16.0,7.0,-0.008,0.62,0.035,-0.044,-0.01%,0.57,-0.2,5.0,0.0,,San Francisco Giants,0,0,0,0,0
234,Michael Conforto RF,4.0,0.0,1.0,0.0,0.0,2.0,4.0,0.25,0.25,0.25,0.5,18.0,13.0,-0.006,0.72,0.041,-0.047,-0.00%,0.66,-0.2,0.0,0.0,,San Francisco Giants,0,0,0,0,0
235,Wilmer Flores 3B,3.0,0.0,0.0,0.0,1.0,1.0,4.0,0.0,0.25,0.0,0.25,23.0,11.0,-0.065,1.02,0.047,-0.112,-0.04%,0.94,-0.9,1.0,1.0,GDP,San Francisco Giants,0,0,0,0,1
236,Joc Pederson DH,3.0,0.0,0.0,0.0,1.0,3.0,4.0,0.0,0.25,0.0,0.25,24.0,15.0,-0.071,0.78,0.004,-0.075,-0.04%,0.71,-0.4,,,,San Francisco Giants,0,0,0,0,0
237,Mike Yastrzemski CF,2.0,0.0,0.0,0.0,0.0,2.0,2.0,0.0,0.0,0.0,0.0,11.0,6.0,-0.061,1.24,0.0,-0.061,-0.03%,1.14,-0.5,0.0,0.0,,San Francisco Giants,0,0,0,0,0
238,J.D. Davis PH-1B,2.0,0.0,0.0,0.0,0.0,2.0,2.0,0.0,0.0,0.0,0.0,10.0,6.0,-0.028,0.55,0.0,-0.028,-0.02%,0.51,-0.5,1.0,0.0,,San Francisco Giants,0,0,0,0,0
239,Thairo Estrada 2B,4.0,0.0,2.0,0.0,0.0,1.0,4.0,0.5,0.5,0.5,1.0,10.0,8.0,0.045,0.74,0.075,-0.031,0.02%,0.68,0.3,0.0,1.0,SB,San Francisco Giants,0,0,0,1,0
240,Brandon Crawford SS,3.0,0.0,0.0,0.0,0.0,2.0,3.0,0.0,0.0,0.0,0.0,15.0,10.0,-0.089,1.14,0.0,-0.089,-0.05%,1.04,-0.9,0.0,2.0,,San Francisco Giants,0,0,0,0,0
241,Blake Sabol LF,2.0,0.0,0.0,0.0,0.0,1.0,2.0,0.0,0.0,0.0,0.0,7.0,4.0,-0.049,0.91,0.0,-0.049,-0.03%,0.83,-0.5,0.0,0.0,,San Francisco Giants,0,0,0,0,0
242,David Villar PH,1.0,0.0,0.0,0.0,0.0,0.0,1.0,0.0,0.0,0.0,0.0,2.0,2.0,-0.026,0.91,0.0,-0.026,-0.01%,0.83,-0.3,,,,San Francisco Giants,0,0,0,0,0
243,Brett Wisely CF,0.0,0.0,0.0,0.0,0.0,0.0,0.0,,,,,,,,,,,,,,1.0,0.0,,San Francisco Giants,0,0,0,0,0
244,Roberto Pérez C,2.0,0.0,1.0,0.0,0.0,1.0,2.0,0.5,0.5,0.5,1.0,8.0,5.0,-0.014,0.69,0.012,-0.027,-0.01%,0.62,-0.1,15.0,0.0,,San Francisco Giants,0,0,0,0,0
245,Matt Beaty PH,1.0,0.0,0.0,0.0,0.0,1.0,1.0,0.0,0.0,0.0,0.0,6.0,6.0,-0.007,0.27,0.0,-0.007,-0.00%,0.25,-0.2,,,,San Francisco Giants,0,0,0,0,0
246,Joey Bart C,0.0,0.0,0.0,0.0,0.0,0.0,0.0,,,,,,,,,,,,,,1.0,0.0,,San Francisco Giants,0,0,0,0,0
252,DJ LeMahieu 2B,4.0,0.0,1.0,1.0,0.0,3.0,4.0,0.25,0.25,0.25,0.5,12.0,11.0,-0.031,0.72,0.028,-0.059,-0.02%,0.67,0.2,1.0,2.0,,New York Yankees,0,0,0,0,0
253,Aaron Judge CF-RF,4.0,1.0,2.0,2.0,0.0,2.0,4.0,0.5,0.5,1.25,1.75,16.0,11.0,0.081,0.54,0.117,-0.037,0.04%,0.49,1.6,1.0,0.0,HR,New York Yankees,1,0,0,0,0
254,Anthony Rizzo 1B,4.0,0.0,1.0,0.0,0.0,1.0,4.0,0.25,0.25,0.25,0.5,19.0,12.0,-0.021,0.52,0.021,-0.042,-0.01%,0.48,-0.8,5.0,2.0,,New York Yankees,0,0,0,0,0
255,Giancarlo Stanton RF,4.0,0.0,1.0,0.0,0.0,1.0,4.0,0.25,0.25,0.25,0.5,13.0,12.0,-0.05,0.52,0.001,-0.051,-0.03%,0.48,-0.3,0.0,0.0,,New York Yankees,0,0,0,0,0
256,Estevan Florial PR-CF,0.0,0.0,0.0,0.0,0.0,0.0,0.0,,,,,,,,,,,,,,0.0,0.0,,New York Yankees,0,0,0,0,0
257,Josh Donaldson 3B,4.0,1.0,1.0,0.0,0.0,2.0,4.0,0.25,0.25,0.25,0.5,12.0,9.0,-0.001,0.37,0.023,-0.024,-0.00%,0.34,-0.3,0.0,0.0,,New York Yankees,0,0,0,0,0
258,Gleyber Torres DH,3.0,2.0,1.0,2.0,1.0,0.0,4.0,0.333,0.5,1.333,1.833,13.0,7.0,0.156,0.49,0.176,-0.021,0.09%,0.45,1.7,,,"HR,SB",New York Yankees,1,0,0,1,0
259,Oswaldo Cabrera LF,4.0,0.0,0.0,0.0,0.0,4.0,4.0,0.0,0.0,0.0,0.0,19.0,13.0,-0.031,0.31,0.0,-0.031,-0.02%,0.29,-1.1,1.0,0.0,,New York Yankees,0,0,0,0,0
260,Jose Trevino C,3.0,1.0,1.0,0.0,0.0,2.0,3.0,0.333,0.333,0.333,0.667,9.0,7.0,-0.004,0.29,0.012,-0.015,-0.00%,0.27,0.3,17.0,0.0,,New York Yankees,0,0,0,0,0
261,Anthony Volpe SS,2.0,0.0,0.0,0.0,1.0,1.0,3.0,0.0,0.333,0.0,0.333,13.0,7.0,0.022,0.73,0.048,-0.026,0.01%,0.68,-0.4,0.0,3.0,SB,New York Yankees,0,0,0,1,0
268,Taylor Ward LF,4.0,0.0,1.0,0.0,0.0,1.0,4.0,0.25,0.25,0.25,0.5,10.0,8.0,-0.058,0.96,0.042,-0.1,-0.03%,0.97,-0.5,2.0,0.0,"SB,GDP",Los Angeles Angels,0,0,0,1,1
269,Mike Trout CF,3.0,0.0,0.0,0.0,1.0,0.0,4.0,0.0,0.25,0.0,0.25,21.0,9.0,-0.028,0.96,0.044,-0.072,-0.02%,0.97,-0.3,1.0,0.0,,Los Angeles Angels,0,0,0,0,0
270,Shohei Ohtani DH-DH,3.0,0.0,1.0,0.0,1.0,2.0,4.0,0.333,0.5,0.333,0.833,16.0,9.0,0.047,1.03,0.073,-0.027,0.03%,1.05,0.5,0.0,0.0,IW,Los Angeles Angels,0,0,0,0,0
271,Anthony Rendon 3B,3.0,0.0,0.0,0.0,1.0,2.0,4.0,0.0,0.25,0.0,0.25,21.0,10.0,-0.115,1.33,0.013,-0.128,-0.07%,1.35,-1.1,2.0,0.0,,Los Angeles Angels,0,0,0,0,0
272,Hunter Renfroe RF,4.0,0.0,0.0,0.0,0.0,1.0,4.0,0.0,0.0,0.0,0.0,12.0,8.0,-0.164,1.69,0.0,-0.164,-0.10%,1.71,-1.0,2.0,0.0,,Los Angeles Angels,0,0,0,0,0
273,Luis Rengifo 2B,3.0,0.0,0.0,0.0,1.0,0.0,4.0,0.0,0.25,0.0,0.25,21.0,14.0,-0.005,1.36,0.08,-0.086,-0.00%,1.38,-0.5,1.0,1.0,,Los Angeles Angels,0,0,0,0,0
274,Brett Phillips PR,0.0,0.0,0.0,0.0,0.0,0.0,0.0,,,,,,,,,,,,,,,,,Los Angeles Angels,0,0,0,0,0
275,Brandon Drury 1B,4.0,0.0,0.0,0.0,0.0,1.0,4.0,0.0,0.0,0.0,0.0,14.0,10.0,-0.16,1.67,0.0,-0.16,-0.10%,1.69,-0.9,3.0,1.0,,Los Angeles Angels,0,0,0,0,0
276,Gio Urshela SS,4.0,1.0,2.0,0.0,0.0,1.0,4.0,0.5,0.5,0.5,1.0,26.0,18.0,0.04,1.3,0.128,-0.087,0.02%,1.32,0.6,1.0,0.0,,Los Angeles Angels,0,0,0,0,0
277,Logan O'Hoppe C,3.0,0.0,1.0,1.0,0.0,0.0,3.0,0.333,0.333,0.333,0.667,14.0,8.0,0.028,1.4,0.08,-0.053,0.02%,1.42,0.1,12.0,0.0,,Los Angeles Angels,0,0,0,0,0
284,Tony Kemp 2B,3.0,1.0,1.0,1.0,1.0,1.0,4.0,0.333,0.5,0.667,1.167,13.0,7.0,0.339,1.65,0.385,-0.047,0.20%,1.64,1.3,4.0,2.0,2B,Oakland Athletics,0,0,0,0,0
285,Conner Capel DH,3.0,0.0,0.0,0.0,0.0,2.0,3.0,0.0,0.0,0.0,0.0,14.0,9.0,-0.099,1.37,0.0,-0.099,-0.06%,1.36,-0.8,,,,Oakland Athletics,0,0,0,0,0
286,Brent Rooker PH-DH-DH,1.0,0.0,0.0,0.0,0.0,1.0,1.0,0.0,0.0,0.0,0.0,3.0,3.0,-0.089,2.12,0.0,-0.089,-0.05%,2.11,-0.4,,,,Oakland Athletics,0,0,0,0,0
287,Aledmys Díaz SS,3.0,0.0,2.0,1.0,1.0,1.0,4.0,0.667,0.75,0.667,1.417,14.0,6.0,0.272,1.41,0.299,-0.027,0.16%,1.4,1.1,1.0,3.0,,Oakland Athletics,0,0,0,0,0
288,Nick Allen PR-SS,0.0,0.0,0.0,0.0,0.0,0.0,0.0,,,,,,,,,,,,,,0.0,0.0,,Oakland Athletics,0,0,0,0,0
289,Seth Brown LF,4.0,0.0,2.0,0.0,0.0,0.0,4.0,0.5,0.5,0.75,1.25,12.0,8.0,0.081,1.23,0.153,-0.072,0.05%,1.22,1.2,6.0,0.0,"2B,SB",Oakland Athletics,0,0,0,1,0
290,Jesús Aguilar 1B,3.0,0.0,0.0,0.0,1.0,2.0,4.0,0.0,0.25,0.0,0.25,18.0,10.0,-0.158,1.3,0.001,-0.159,-0.10%,1.3,-1.1,3.0,0.0,IW,Oakland Athletics,0,0,0,0,0
291,Ryan Noda PR-1B,0.0,0.0,0.0,0.0,0.0,0.0,0.0,,,,,,,,,,,,,,1.0,0.0,,Oakland Athletics,0,0,0,0,0
292,Ramón Laureano RF,4.0,0.0,0.0,0.0,0.0,3.0,4.0,0.0,0.0,0.0,0.0,17.0,10.0,-0.212,1.59,0.0,-0.212,-0.13%,1.58,-2.5,3.0,0.0,GDP,Oakland Athletics,0,0,0,0,1
293,Jace Peterson 3B,3.0,0.0,0.0,0.0,0.0,1.0,3.0,0.0,0.0,0.0,0.0,16.0,10.0,-0.078,1.06,0.0,-0.078,-0.05%,1.05,-0.5,0.0,1.0,,Oakland Athletics,0,0,0,0,0
294,Shea Langeliers C,2.0,0.0,0.0,0.0,1.0,0.0,3.0,0.0,0.333,0.0,0.333,13.0,8.0,-0.01,0.96,0.038,-0.048,-0.01%,0.96,-0.1,8.0,0.0,,Oakland Athletics,0,0,0,0,0
295,Esteury Ruiz CF,3.0,1.0,1.0,0.0,0.0,1.0,3.0,0.333,0.333,0.333,0.667,15.0,11.0,0.039,1.67,0.099,-0.06,0.02%,1.66,-0.1,1.0,0.0,,Oakland Athletics,0,0,0,0,0
303,Yonathan Daza CF,5.0,1.0,1.0,0.0,0.0,4.0,5.0,0.2,0.2,0.2,0.4,24.0,17.0,0.043,1.21,0.122,-0.079,0.03%,1.24,-0.3,3.0,0.0,,Colorado Rockies,0,0,0,0,0
304,Kris Bryant RF,5.0,1.0,3.0,1.0,0.0,0.0,5.0,0.6,0.6,0.8,1.4,20.0,13.0,0.122,1.0,0.171,-0.048,0.07%,1.02,1.8,1.0,0.0,2B,Colorado Rockies,0,0,0,0,0
305,Charlie Blackmon DH,5.0,1.0,3.0,0.0,0.0,1.0,5.0,0.6,0.6,0.8,1.4,15.0,9.0,0.209,1.22,0.235,-0.026,0.13%,1.25,1.4,,,2B,Colorado Rockies,0,0,0,0,0
306,C.J. Cron 1B,5.0,2.0,4.0,5.0,0.0,1.0,5.0,0.8,0.8,2.2,3.0,20.0,13.0,0.313,1.14,0.373,-0.06,0.19%,1.17,2.8,6.0,0.0,"2·HR,2B",Colorado Rockies,2,0,0,0,0
307,Elehuris Montero 3B,5.0,1.0,2.0,1.0,0.0,3.0,5.0,0.4,0.4,1.0,1.4,22.0,13.0,-0.131,0.82,0.027,-0.158,-0.08%,0.84,-0.3,0.0,1.0,HR,Colorado Rockies,1,0,0,0,0
308,Alan Trejo 3B,0.0,0.0,0.0,0.0,0.0,0.0,0.0,,,,,,,,,,,,,,1.0,1.0,,Colorado Rockies,0,0,0,0,0
309,Ryan McMahon 2B,5.0,0.0,1.0,0.0,0.0,2.0,5.0,0.2,0.2,0.4,0.6,22.0,14.0,-0.107,0.76,0.013,-0.119,-0.07%,0.78,-0.7,2.0,5.0,"2B,SB",Colorado Rockies,0,0,0,1,0
310,Elias Díaz C,4.0,0.0,1.0,0.0,1.0,2.0,5.0,0.25,0.4,0.25,0.65,16.0,10.0,0.03,0.58,0.063,-0.033,0.02%,0.59,-0.2,11.0,0.0,,Colorado Rockies,0,0,0,0,0
311,Harold Castro LF,5.0,1.0,1.0,0.0,0.0,2.0,5.0,0.2,0.2,0.2,0.4,22.0,18.0,-0.086,0.73,0.001,-0.087,-0.05%,0.75,-1.2,2.0,0.0,,Colorado Rockies,0,0,0,0,0
312,Ezequiel Tovar SS,5.0,0.0,1.0,0.0,0.0,2.0,5.0,0.2,0.2,0.2,0.4,26.0,16.0,-0.024,0.57,0.025,-0.049,-0.01%,0.58,-0.8,1.0,1.0,,Colorado Rockies,0,0,0,0,0
319,Trent Grisham CF,4.0,1.0,1.0,0.0,0.0,1.0,4.0,0.25,0.25,0.5,0.75,14.0,9.0,0.008,0.81,0.063,-0.055,0.00%,0.78,-0.1,1.0,0.0,2B,San Diego Padres,0,0,0,0,0
320,Juan Soto LF,4.0,0.0,0.0,0.0,0.0,1.0,4.0,0.0,0.0,0.0,0.0,11.0,9.0,-0.072,0.87,0.0,-0.072,-0.04%,0.83,-0.9,1.0,1.0,,San Diego Padres,0,0,0,0,0
321,Manny Machado 3B,3.0,0.0,1.0,1.0,0.0,2.0,4.0,0.333,0.25,0.333,0.583,15.0,9.0,0.036,0.88,0.062,-0.025,0.02%,0.84,0.2,0.0,2.0,SF,San Diego Padres,0,0,0,0,0
322,Xander Bogaerts SS,4.0,1.0,3.0,0.0,0.0,1.0,4.0,0.75,0.75,1.25,2.0,20.0,11.0,0.158,0.77,0.162,-0.004,0.09%,0.73,1.3,1.0,2.0,2·2B,San Diego Padres,0,0,0,0,0
323,Jake Cronenworth 1B,3.0,0.0,0.0,0.0,0.0,2.0,4.0,0.0,0.0,0.0,0.0,14.0,12.0,-0.097,0.96,0.025,-0.122,-0.06%,0.93,-1.1,6.0,0.0,,San Diego Padres,0,0,0,0,0
324,Matt Carpenter DH,3.0,0.0,0.0,1.0,0.0,0.0,4.0,0.0,0.0,0.0,0.0,11.0,7.0,0.064,1.32,0.118,-0.054,0.04%,1.26,0.4,,,,San Diego Padres,0,0,0,0,0
325,Austin Nola C,3.0,0.0,1.0,0.0,1.0,1.0,4.0,0.333,0.5,0.333,0.833,18.0,9.0,-0.092,0.96,0.024,-0.115,-0.05%,0.92,-0.6,17.0,1.0,GDP,San Diego Padres,0,0,0,0,1
326,Ha-Seong Kim 2B,4.0,0.0,1.0,0.0,0.0,0.0,4.0,0.25,0.25,0.25,0.5,14.0,12.0,-0.054,0.87,0.036,-0.09,-0.03%,0.83,-0.3,1.0,0.0,GDP,San Diego Padres,0,0,0,0,1
327,David Dahl RF,4.0,0.0,0.0,0.0,0.0,2.0,4.0,0.0,0.0,0.0,0.0,16.0,10.0,-0.082,0.83,0.0,-0.082,-0.05%,0.8,-1.3,0.0,0.0,,San Diego Padres,0,0,0,0,0
334,Steven Kwan LF,4.0,0.0,0.0,0.0,0.0,1.0,4.0,0.0,0.0,0.0,0.0,20.0,14.0,-0.074,0.7,0.0,-0.074,-0.04%,0.66,-0.7,4.0,0.0,,Cleveland Guardians,0,0,0,0,0
335,Amed Rosario SS,4.0,0.0,1.0,0.0,0.0,2.0,4.0,0.25,0.25,0.25,0.5,12.0,10.0,-0.073,0.86,0.008,-0.081,-0.04%,0.81,-0.5,0.0,0.0,,Cleveland Guardians,0,0,0,0,0
336,José Ramírez 3B,4.0,0.0,1.0,0.0,0.0,1.0,4.0,0.25,0.25,0.5,0.75,20.0,14.0,-0.028,0.67,0.029,-0.057,-0.02%,0.63,-0.0,0.0,3.0,2B,Cleveland Guardians,0,0,0,0,0
337,Josh Bell DH,4.0,0.0,1.0,0.0,0.0,0.0,4.0,0.25,0.25,0.25,0.5,17.0,10.0,-0.055,0.88,0.021,-0.076,-0.03%,0.82,-0.8,,,,Cleveland Guardians,0,0,0,0,0
338,Josh Naylor 1B,3.0,0.0,0.0,0.0,0.0,0.0,3.0,0.0,0.0,0.0,0.0,11.0,9.0,-0.087,1.1,0.0,-0.087,-0.05%,1.04,-0.6,8.0,1.0,,Cleveland Guardians,0,0,0,0,0
339,Andrés Giménez 2B,3.0,0.0,0.0,0.0,0.0,1.0,3.0,0.0,0.0,0.0,0.0,11.0,8.0,-0.078,1.04,0.0,-0.078,-0.04%,0.98,-0.5,1.0,3.0,,Cleveland Guardians,0,0,0,0,0
340,Will Brennan RF,3.0,0.0,1.0,0.0,0.0,1.0,3.0,0.333,0.333,0.333,0.667,8.0,8.0,-0.008,0.97,0.041,-0.048,-0.00%,0.92,0.1,1.0,0.0,,Cleveland Guardians,0,0,0,0,0
341,Mike Zunino C,3.0,0.0,0.0,0.0,0.0,2.0,3.0,0.0,0.0,0.0,0.0,14.0,9.0,-0.096,1.32,0.0,-0.096,-0.05%,1.24,-0.7,5.0,0.0,,Cleveland Guardians,0,0,0,0,0
342,Myles Straw CF,3.0,0.0,0.0,0.0,0.0,1.0,3.0,0.0,0.0,0.0,0.0,8.0,7.0,-0.073,1.01,0.0,-0.073,-0.04%,0.95,-0.7,4.0,0.0,,Cleveland Guardians,0,0,0,0,0
349,Julio Rodríguez CF,4.0,0.0,0.0,0.0,0.0,1.0,4.0,0.0,0.0,0.0,0.0,17.0,9.0,-0.175,1.79,0.0,-0.175,-0.10%,1.7,-1.3,3.0,0.0,,Seattle Mariners,0,0,0,0,0
350,Kolten Wong 2B,3.0,1.0,0.0,0.0,0.0,0.0,4.0,0.0,0.25,0.0,0.25,24.0,14.0,-0.005,1.41,0.063,-0.068,-0.00%,1.34,-0.2,0.0,1.0,HBP,Seattle Mariners,0,0,0,0,0
351,Ty France 1B,4.0,1.0,3.0,3.0,0.0,0.0,4.0,0.75,0.75,1.75,2.5,14.0,9.0,0.338,1.64,0.38,-0.042,0.19%,1.56,2.5,7.0,1.0,"HR,2B",Seattle Mariners,1,0,0,0,0
352,Teoscar Hernández RF,4.0,0.0,0.0,0.0,0.0,2.0,4.0,0.0,0.0,0.0,0.0,18.0,12.0,-0.095,0.95,0.0,-0.095,-0.05%,0.91,-0.9,2.0,0.0,,Seattle Mariners,0,0,0,0,0
353,Cal Raleigh C,4.0,0.0,1.0,0.0,0.0,0.0,4.0,0.25,0.25,0.25,0.5,10.0,8.0,-0.056,0.99,0.03,-0.085,-0.03%,0.95,-0.4,10.0,0.0,,Seattle Mariners,0,0,0,0,0
354,Eugenio Suárez 3B,3.0,0.0,1.0,0.0,0.0,1.0,3.0,0.333,0.333,0.667,1.0,9.0,7.0,-0.026,1.23,0.074,-0.1,-0.01%,1.17,-0.1,3.0,1.0,"2B,GDP",Seattle Mariners,0,0,0,0,1
355,Jarred Kelenic LF,3.0,0.0,1.0,0.0,0.0,1.0,3.0,0.333,0.333,0.333,0.667,16.0,9.0,-0.007,1.43,0.084,-0.09,-0.00%,1.36,-0.1,1.0,0.0,SB,Seattle Mariners,0,0,0,1,0
356,Tommy La Stella DH,3.0,0.0,0.0,0.0,0.0,0.0,3.0,0.0,0.0,0.0,0.0,7.0,6.0,-0.072,1.27,0.0,-0.072,-0.04%,1.21,-0.6,,,,Seattle Mariners,0,0,0,0,0
357,J.P. Crawford SS,2.0,1.0,1.0,0.0,1.0,0.0,3.0,0.5,0.667,0.5,1.167,14.0,8.0,0.025,1.53,0.109,-0.084,0.01%,1.46,0.2,0.0,4.0,,Seattle Mariners,0,0,0,0,0
364,George Springer RF,6.0,4.0,5.0,1.0,0.0,1.0,6.0,0.833,0.833,0.833,1.667,23.0,18.0,0.505,2.16,0.555,-0.049,0.26%,1.88,2.6,2.0,0.0,,Toronto Blue Jays,0,0,0,0,0
365,Bo Bichette SS,6.0,2.0,4.0,1.0,0.0,1.0,6.0,0.667,0.667,0.833,1.5,29.0,22.0,0.162,1.91,0.322,-0.16,0.08%,1.66,1.7,1.0,2.0,2B,Toronto Blue Jays,0,0,0,0,0
366,Vladimir Guerrero Jr. 1B,4.0,0.0,2.0,3.0,0.0,0.0,6.0,0.5,0.5,0.5,1.0,22.0,14.0,0.365,2.5,0.445,-0.079,0.19%,2.18,1.6,8.0,1.0,"HBP,SF",Toronto Blue Jays,0,0,0,0,0
367,Daulton Varsho LF,5.0,1.0,1.0,2.0,0.0,2.0,6.0,0.2,0.167,0.4,0.567,28.0,19.0,-0.051,1.49,0.115,-0.165,-0.03%,1.29,-0.6,0.0,0.0,"2B,SF",Toronto Blue Jays,0,0,0,0,0
368,Alejandro Kirk C,5.0,0.0,1.0,2.0,0.0,1.0,5.0,0.2,0.2,0.2,0.4,19.0,14.0,-0.037,1.26,0.092,-0.129,-0.02%,1.1,-0.2,9.0,0.0,,Toronto Blue Jays,0,0,0,0,0
369,Brandon Belt DH,4.0,0.0,1.0,0.0,0.0,2.0,4.0,0.25,0.25,0.5,0.75,21.0,14.0,0.018,0.93,0.079,-0.062,0.01%,0.81,-0.4,,,2B,Toronto Blue Jays,0,0,0,0,0
370,Nathan Lukes PR-DH-DH,0.0,1.0,0.0,0.0,0.0,0.0,0.0,,,,,,,0.0,,0.0,0.0,0%,,0.0,,,,Toronto Blue Jays,0,0,0,0,0
371,Cavan Biggio PH-DH-DH,0.0,0.0,0.0,0.0,1.0,0.0,1.0,,1.0,,,6.0,2.0,0.01,1.59,0.01,0.0,0.01%,1.38,0.1,,,,Toronto Blue Jays,0,0,0,0,0
372,Matt Chapman 3B,5.0,0.0,3.0,1.0,0.0,1.0,5.0,0.6,0.6,0.6,1.2,20.0,14.0,0.039,1.35,0.186,-0.146,0.02%,1.18,0.2,1.0,3.0,CS,Toronto Blue Jays,0,0,0,0,0
373,Whit Merrifield 2B,3.0,1.0,0.0,0.0,2.0,2.0,5.0,0.0,0.4,0.0,0.4,23.0,12.0,0.078,1.2,0.137,-0.059,0.04%,1.04,-0.3,3.0,3.0,,Toronto Blue Jays,0,0,0,0,0
374,Kevin Kiermaier CF,5.0,1.0,2.0,0.0,0.0,1.0,5.0,0.4,0.4,0.4,0.8,13.0,11.0,0.249,1.72,0.323,-0.074,0.13%,1.5,0.6,2.0,0.0,,Toronto Blue Jays,0,0,0,0,0
385,Brendan Donovan 2B,6.0,3.0,3.0,2.0,0.0,0.0,6.0,0.5,0.5,1.0,1.5,27.0,17.0,0.125,1.59,0.275,-0.151,0.07%,1.41,1.3,3.0,2.0,HR,St. Louis Cardinals,1,0,0,0,0
386,Lars Nootbaar LF,4.0,1.0,1.0,0.0,2.0,1.0,6.0,0.25,0.5,0.25,0.75,25.0,13.0,0.045,1.58,0.162,-0.117,0.02%,1.4,0.2,1.0,0.0,,St. Louis Cardinals,0,0,0,0,0
387,Paul Goldschmidt 1B,4.0,1.0,2.0,1.0,1.0,1.0,5.0,0.5,0.6,0.75,1.35,28.0,17.0,0.414,1.97,0.491,-0.077,0.22%,1.74,1.7,5.0,0.0,"2B,SB",St. Louis Cardinals,0,0,0,1,0
388,Nolan Arenado 3B,5.0,0.0,2.0,3.0,0.0,0.0,5.0,0.4,0.4,0.6,1.0,12.0,8.0,0.198,1.85,0.332,-0.135,0.10%,1.64,1.1,0.0,1.0,"2B,GDP",St. Louis Cardinals,0,0,0,0,1
389,Willson Contreras C,4.0,2.0,2.0,0.0,0.0,1.0,4.0,0.5,0.5,0.5,1.0,18.0,13.0,-0.028,1.23,0.069,-0.097,-0.01%,1.08,-0.4,10.0,1.0,,St. Louis Cardinals,0,0,0,0,0
390,Andrew Knizner C,1.0,0.0,0.0,0.0,0.0,0.0,1.0,0.0,0.0,0.0,0.0,3.0,2.0,-0.026,0.65,0.0,-0.026,-0.01%,0.57,-0.4,1.0,0.0,,St. Louis Cardinals,0,0,0,0,0
391,Tyler O'Neill CF,4.0,1.0,1.0,2.0,1.0,1.0,5.0,0.25,0.4,1.0,1.4,16.0,9.0,0.169,1.3,0.262,-0.093,0.09%,1.15,1.4,3.0,0.0,HR,St. Louis Cardinals,1,0,0,0,0
392,Nolan Gorman DH,3.0,0.0,1.0,0.0,2.0,2.0,5.0,0.333,0.6,0.333,0.933,20.0,8.0,0.079,1.08,0.117,-0.038,0.04%,0.95,0.7,,,IW,St. Louis Cardinals,0,0,0,0,0
393,Jordan Walker RF,5.0,0.0,1.0,1.0,0.0,1.0,5.0,0.2,0.2,0.2,0.4,14.0,11.0,-0.041,1.26,0.047,-0.089,-0.02%,1.12,-0.8,3.0,0.0,,St. Louis Cardinals,0,0,0,0,0
394,Tommy Edman SS,5.0,1.0,2.0,0.0,0.0,1.0,5.0,0.4,0.4,0.4,0.8,17.0,12.0,-0.095,1.68,0.085,-0.18,-0.05%,1.48,-0.4,1.0,3.0,,St. Louis Cardinals,0,0,0,0,0
403,Matt Vierling RF,3.0,0.0,0.0,0.0,0.0,1.0,3.0,0.0,0.0,0.0,0.0,14.0,11.0,-0.055,0.72,0.0,-0.055,-0.03%,0.66,-0.5,3.0,0.0,,Detroit Tigers,0,0,0,0,0
404,Zach McKinstry PH-RF,1.0,0.0,0.0,0.0,0.0,0.0,1.0,0.0,0.0,0.0,0.0,2.0,2.0,-0.022,0.87,0.0,-0.022,-0.01%,0.8,-0.2,1.0,0.0,,Detroit Tigers,0,0,0,0,0
405,Javier Báez SS,3.0,0.0,1.0,0.0,1.0,1.0,4.0,0.333,0.5,0.333,0.833,14.0,8.0,-0.012,0.77,0.038,-0.05,-0.01%,0.7,-0.0,1.0,3.0,,Detroit Tigers,0,0,0,0,0
406,Riley Greene CF,3.0,0.0,1.0,0.0,1.0,0.0,4.0,0.333,0.5,0.333,0.833,11.0,5.0,-0.02,0.84,0.033,-0.054,-0.01%,0.77,-0.1,1.0,0.0,,Detroit Tigers,0,0,0,0,0
407,Eric Haase C,4.0,0.0,0.0,0.0,0.0,0.0,4.0,0.0,0.0,0.0,0.0,14.0,8.0,-0.105,0.98,0.0,-0.105,-0.06%,0.91,-1.0,7.0,0.0,,Detroit Tigers,0,0,0,0,0
408,Spencer Torkelson 1B,4.0,0.0,0.0,0.0,0.0,0.0,4.0,0.0,0.0,0.0,0.0,13.0,10.0,-0.085,0.83,0.0,-0.085,-0.05%,0.77,-0.9,6.0,0.0,,Detroit Tigers,0,0,0,0,0
409,Austin Meadows LF,4.0,0.0,3.0,0.0,0.0,0.0,4.0,0.75,0.75,1.0,1.75,16.0,11.0,0.07,0.57,0.084,-0.015,0.04%,0.52,0.8,2.0,0.0,2B,Detroit Tigers,0,0,0,0,0
410,Miguel Cabrera DH,4.0,0.0,1.0,0.0,0.0,0.0,4.0,0.25,0.25,0.5,0.75,9.0,6.0,-0.094,0.88,0.018,-0.112,-0.05%,0.81,-1.0,,,"2B,GDP",Detroit Tigers,0,0,0,0,1
411,Jonathan Schoop 2B,2.0,0.0,0.0,0.0,1.0,2.0,3.0,0.0,0.333,0.0,0.333,18.0,10.0,-0.049,1.12,0.017,-0.066,-0.03%,1.03,-0.4,3.0,2.0,,Detroit Tigers,0,0,0,0,0
412,Nick Maton PH,1.0,0.0,0.0,0.0,0.0,0.0,1.0,0.0,0.0,0.0,0.0,5.0,3.0,-0.004,0.16,0.0,-0.004,-0.00%,0.15,-0.2,,,,Detroit Tigers,0,0,0,0,0
413,Ryan Kreidler 3B,3.0,0.0,0.0,0.0,0.0,2.0,3.0,0.0,0.0,0.0,0.0,15.0,11.0,-0.09,1.18,0.0,-0.09,-0.05%,1.09,-0.8,0.0,2.0,,Detroit Tigers,0,0,0,0,0
420,Yandy Díaz 1B,2.0,0.0,0.0,0.0,1.0,1.0,3.0,0.0,0.333,0.0,0.333,14.0,6.0,-0.011,0.83,0.032,-0.042,-0.01%,0.79,-0.1,6.0,1.0,,Tampa Bay Rays,0,0,0,0,0
421,Taylor Walls PR-3B,1.0,1.0,0.0,0.0,0.0,0.0,1.0,0.0,0.0,0.0,0.0,7.0,5.0,-0.006,0.21,0.0,-0.006,-0.00%,0.2,-0.2,0.0,0.0,,Tampa Bay Rays,0,0,0,0,0
422,Wander Franco SS,4.0,1.0,2.0,1.0,0.0,0.0,4.0,0.5,0.5,1.25,1.75,16.0,10.0,-0.006,0.65,0.039,-0.045,-0.00%,0.62,0.7,2.0,3.0,HR,Tampa Bay Rays,1,0,0,0,0
423,Isaac Paredes 3B-1B,4.0,1.0,1.0,0.0,0.0,0.0,4.0,0.25,0.25,0.25,0.5,23.0,16.0,-0.008,0.67,0.031,-0.039,-0.00%,0.64,-0.2,4.0,3.0,,Tampa Bay Rays,0,0,0,0,0
424,Randy Arozarena LF,4.0,0.0,1.0,1.0,0.0,0.0,4.0,0.25,0.25,0.25,0.5,17.0,11.0,0.049,0.85,0.093,-0.044,0.03%,0.81,0.4,2.0,0.0,,Tampa Bay Rays,0,0,0,0,0
425,Harold Ramírez DH,2.0,0.0,0.0,0.0,0.0,1.0,2.0,0.0,0.0,0.0,0.0,12.0,8.0,-0.039,0.77,0.0,-0.039,-0.02%,0.72,-0.4,,,,Tampa Bay Rays,0,0,0,0,0
426,Luke Raley PH-DH-DH,2.0,0.0,1.0,1.0,0.0,0.0,2.0,0.5,0.5,0.5,1.0,6.0,4.0,0.068,0.54,0.069,-0.001,0.04%,0.52,1.2,,,,Tampa Bay Rays,0,0,0,0,0
427,Manuel Margot RF,3.0,0.0,0.0,0.0,0.0,1.0,3.0,0.0,0.0,0.0,0.0,11.0,8.0,-0.067,0.57,0.0,-0.067,-0.04%,0.54,-1.4,2.0,0.0,GDP,Tampa Bay Rays,0,0,0,0,1
428,Brandon Lowe 2B,2.0,0.0,0.0,0.0,1.0,2.0,3.0,0.0,0.333,0.0,0.333,12.0,7.0,-0.014,0.49,0.013,-0.027,-0.01%,0.47,-0.3,3.0,2.0,,Tampa Bay Rays,0,0,0,0,0
429,Christian Bethancourt C,2.0,0.0,0.0,0.0,1.0,0.0,3.0,0.0,0.333,0.0,0.333,9.0,5.0,-0.034,0.55,0.006,-0.039,-0.02%,0.52,-0.1,6.0,0.0,,Tampa Bay Rays,0,0,0,0,0
430,Jose Siri CF,3.0,1.0,1.0,1.0,0.0,2.0,3.0,0.333,0.333,1.333,1.667,14.0,9.0,0.099,0.56,0.116,-0.017,0.06%,0.53,0.6,2.0,0.0,HR,Tampa Bay Rays,1,0,0,0,0
437,Trea Turner SS,4.0,1.0,1.0,1.0,1.0,1.0,5.0,0.25,0.4,0.75,1.15,11.0,9.0,0.036,0.53,0.075,-0.039,0.02%,0.48,0.5,3.0,1.0,"3B,IW",Philadelphia Phillies,0,0,0,0,0
438,Kyle Schwarber DH,5.0,0.0,0.0,0.0,0.0,2.0,5.0,0.0,0.0,0.0,0.0,17.0,12.0,-0.046,0.36,0.0,-0.046,-0.03%,0.32,-1.1,,,,Philadelphia Phillies,0,0,0,0,0
439,J.T. Realmuto C,5.0,1.0,3.0,0.0,0.0,1.0,5.0,0.6,0.6,1.2,1.8,20.0,10.0,0.036,0.35,0.064,-0.028,0.02%,0.32,1.5,8.0,0.0,"3B,2B,SB",Philadelphia Phillies,0,0,0,1,0
440,Darick Hall 1B,4.0,0.0,0.0,1.0,1.0,0.0,5.0,0.0,0.2,0.0,0.2,26.0,17.0,-0.072,0.58,0.007,-0.079,-0.04%,0.52,-1.1,8.0,0.0,,Philadelphia Phillies,0,0,0,0,0
441,Nick Castellanos RF,5.0,2.0,2.0,0.0,0.0,3.0,5.0,0.4,0.4,0.6,1.0,21.0,13.0,0.012,0.47,0.051,-0.039,0.01%,0.43,-0.4,0.0,1.0,2B,Philadelphia Phillies,0,0,0,0,0
442,Bryson Stott 2B,4.0,0.0,1.0,0.0,0.0,2.0,4.0,0.25,0.25,0.25,0.5,18.0,15.0,-0.035,0.59,0.016,-0.051,-0.02%,0.53,-0.5,2.0,3.0,,Philadelphia Phillies,0,0,0,0,0
443,Alec Bohm 3B,4.0,2.0,3.0,3.0,0.0,1.0,4.0,0.75,0.75,1.75,2.5,17.0,13.0,0.251,0.79,0.265,-0.014,0.14%,0.71,3.0,0.0,2.0,"HR,2B",Philadelphia Phillies,1,0,0,0,0
444,Jake Cave LF,4.0,0.0,0.0,0.0,0.0,2.0,4.0,0.0,0.0,0.0,0.0,18.0,9.0,-0.079,0.71,0.0,-0.079,-0.04%,0.65,-1.2,1.0,0.0,,Philadelphia Phillies,0,0,0,0,0
445,Brandon Marsh CF,4.0,1.0,2.0,1.0,0.0,1.0,4.0,0.5,0.5,1.25,1.75,13.0,8.0,0.106,0.44,0.12,-0.015,0.06%,0.4,1.6,2.0,0.0,"3B,2B",Philadelphia Phillies,0,0,0,0,0
454,Marcus Semien 2B,5.0,1.0,2.0,0.0,0.0,1.0,5.0,0.4,0.4,0.4,0.8,26.0,18.0,0.101,1.01,0.133,-0.031,0.05%,0.9,1.1,3.0,1.0,SB,Texas Rangers,0,0,0,1,0
455,Corey Seager SS,3.0,2.0,1.0,0.0,2.0,0.0,5.0,0.333,0.6,0.333,0.933,32.0,17.0,0.056,0.78,0.065,-0.009,0.03%,0.7,-0.1,0.0,0.0,GDP,Texas Rangers,0,0,0,0,1
456,Nathaniel Lowe 1B,3.0,1.0,1.0,1.0,1.0,0.0,4.0,0.333,0.5,0.333,0.833,12.0,6.0,0.075,1.4,0.119,-0.045,0.04%,1.25,0.6,4.0,0.0,,Texas Rangers,0,0,0,0,0
457,Adolis García CF-RF,4.0,1.0,2.0,2.0,0.0,1.0,4.0,0.5,0.5,0.5,1.0,19.0,12.0,0.111,0.76,0.137,-0.026,0.06%,0.68,1.4,4.0,0.0,,Texas Rangers,0,0,0,0,0
458,Josh Jung 3B,3.0,1.0,0.0,0.0,1.0,2.0,4.0,0.0,0.25,0.0,0.25,20.0,11.0,-0.004,0.69,0.034,-0.038,-0.00%,0.61,-0.3,1.0,0.0,,Texas Rangers,0,0,0,0,0
459,Jonah Heim C,4.0,2.0,2.0,2.0,0.0,0.0,4.0,0.5,0.5,0.75,1.25,14.0,9.0,0.134,0.81,0.154,-0.02,0.07%,0.72,1.8,13.0,0.0,2B,Texas Rangers,0,0,0,0,0
460,Robbie Grossman RF-LF,3.0,1.0,1.0,3.0,1.0,1.0,4.0,0.333,0.5,1.333,1.833,14.0,7.0,0.199,0.71,0.222,-0.023,0.11%,0.63,1.6,0.0,0.0,HR,Texas Rangers,1,0,0,0,0
461,Brad Miller DH,4.0,1.0,1.0,2.0,0.0,2.0,4.0,0.25,0.25,1.0,1.25,22.0,15.0,0.039,0.51,0.082,-0.043,0.02%,0.46,1.2,,,HR,Texas Rangers,1,0,0,0,0
462,Josh H. Smith LF,1.0,1.0,0.0,0.0,1.0,1.0,2.0,0.0,0.5,0.0,0.5,9.0,5.0,0.002,0.52,0.015,-0.013,0.00%,0.46,-0.0,1.0,0.0,,Texas Rangers,0,0,0,0,0
463,Bubba Thompson PH-CF,2.0,0.0,0.0,0.0,0.0,0.0,2.0,0.0,0.0,0.0,0.0,6.0,5.0,-0.003,0.06,0.0,-0.003,-0.00%,0.05,-0.4,1.0,0.0,,Texas Rangers,0,0,0,0,0
471,Ronald Acuna Jr. RF,6.0,0.0,2.0,0.0,0.0,0.0,6.0,0.333,0.333,0.333,0.667,22.0,16.0,0.078,0.91,0.125,-0.046,0.05%,0.9,0.7,1.0,0.0,SB,Atlanta Braves,0,0,0,1,0
472,Matt Olson 1B,5.0,1.0,2.0,0.0,0.0,2.0,5.0,0.4,0.4,0.6,1.0,22.0,16.0,-0.071,1.1,0.061,-0.133,-0.04%,1.09,-0.8,10.0,3.0,2B,Atlanta Braves,0,0,0,0,0
473,Austin Riley 3B,2.0,0.0,0.0,1.0,3.0,1.0,5.0,0.0,0.6,0.0,0.6,26.0,10.0,0.099,1.21,0.131,-0.032,0.06%,1.2,1.1,1.0,2.0,,Atlanta Braves,0,0,0,0,0
474,Ozzie Albies 2B,5.0,0.0,2.0,1.0,0.0,0.0,5.0,0.4,0.4,0.4,0.8,13.0,8.0,0.066,1.29,0.129,-0.063,0.04%,1.28,1.0,2.0,5.0,,Atlanta Braves,0,0,0,0,0
475,Sean Murphy C,5.0,0.0,0.0,0.0,0.0,1.0,5.0,0.0,0.0,0.0,0.0,15.0,10.0,-0.147,1.08,0.0,-0.147,-0.09%,1.08,-2.6,5.0,0.0,GDP,Atlanta Braves,0,0,0,0,1
476,Marcell Ozuna LF,4.0,0.0,0.0,0.0,0.0,0.0,4.0,0.0,0.0,0.0,0.0,9.0,8.0,-0.079,0.76,0.0,-0.079,-0.05%,0.75,-1.1,2.0,0.0,,Atlanta Braves,0,0,0,0,0
477,Sam Hilliard LF,0.0,1.0,0.0,0.0,1.0,0.0,1.0,,1.0,,,4.0,0.0,0.015,0.31,0.015,0.0,0.01%,0.31,0.4,0.0,0.0,SB,Atlanta Braves,0,0,0,1,0
478,Michael Harris II CF,4.0,2.0,1.0,0.0,1.0,1.0,5.0,0.25,0.4,0.25,0.65,25.0,15.0,-0.006,0.5,0.03,-0.035,-0.00%,0.5,-0.1,3.0,0.0,,Atlanta Braves,0,0,0,0,0
479,Travis d'Arnaud DH,5.0,2.0,4.0,2.0,0.0,1.0,5.0,0.8,0.8,1.0,1.8,21.0,15.0,0.134,0.58,0.142,-0.009,0.08%,0.58,2.6,,,2B,Atlanta Braves,0,0,0,0,0
480,Orlando Arcia SS,4.0,1.0,1.0,1.0,1.0,1.0,5.0,0.25,0.4,0.25,0.65,20.0,10.0,0.074,0.74,0.09,-0.016,0.04%,0.73,1.2,1.0,3.0,,Atlanta Braves,0,0,0,0,0
489,Lane Thomas RF,5.0,0.0,1.0,0.0,0.0,1.0,5.0,0.2,0.2,0.2,0.4,19.0,13.0,-0.073,1.06,0.035,-0.108,-0.04%,1.05,-0.6,3.0,0.0,,Washington Nationals,0,0,0,0,0
490,Joey Meneses DH,5.0,0.0,2.0,1.0,0.0,0.0,5.0,0.4,0.4,0.4,0.8,17.0,11.0,-0.019,0.92,0.094,-0.113,-0.01%,0.92,-0.3,,,GDP,Washington Nationals,0,0,0,0,1
491,Jeimer Candelario 3B,3.0,0.0,0.0,0.0,1.0,1.0,4.0,0.0,0.25,0.0,0.25,18.0,10.0,0.011,1.03,0.078,-0.068,0.01%,1.03,-0.2,0.0,3.0,,Washington Nationals,0,0,0,0,0
492,Dominic Smith 1B,3.0,1.0,2.0,0.0,1.0,0.0,4.0,0.667,0.75,0.667,1.417,22.0,11.0,0.226,1.57,0.25,-0.024,0.14%,1.56,1.4,9.0,0.0,,Washington Nationals,0,0,0,0,0
493,Keibert Ruiz C,4.0,0.0,2.0,0.0,0.0,0.0,4.0,0.5,0.5,0.75,1.25,9.0,6.0,-0.009,2.13,0.134,-0.143,-0.01%,2.12,0.6,7.0,0.0,2B,Washington Nationals,0,0,0,0,0
494,Alex Call LF,2.0,0.0,0.0,1.0,0.0,1.0,3.0,0.0,0.0,0.0,0.0,13.0,8.0,-0.12,1.65,0.0,-0.12,-0.07%,1.64,-0.9,0.0,0.0,SF,Washington Nationals,0,0,0,0,0
495,Corey Dickerson PH-LF,1.0,0.0,0.0,0.0,0.0,0.0,1.0,0.0,0.0,0.0,0.0,4.0,4.0,-0.085,4.1,0.0,-0.085,-0.05%,4.09,-0.4,0.0,0.0,,Washington Nationals,0,0,0,0,0
496,Luis García 2B,4.0,0.0,0.0,0.0,0.0,1.0,4.0,0.0,0.0,0.0,0.0,11.0,8.0,-0.226,1.86,0.0,-0.226,-0.14%,1.85,-1.7,3.0,3.0,,Washington Nationals,0,0,0,0,0
497,Victor Robles CF,2.0,1.0,1.0,0.0,2.0,0.0,4.0,0.5,0.75,0.5,1.25,15.0,7.0,0.083,1.05,0.121,-0.038,0.05%,1.05,0.8,3.0,0.0,,Washington Nationals,0,0,0,0,0
498,CJ Abrams SS,4.0,0.0,0.0,0.0,0.0,1.0,4.0,0.0,0.0,0.0,0.0,15.0,13.0,-0.122,1.48,0.0,-0.122,-0.07%,1.48,-1.2,2.0,4.0,,Washington Nationals,0,0,0,0,0
